{
  "Wind_Farm_A": {
    "train": [
      "Wind_Farm_A__0.parquet",
      "Wind_Farm_A__45.parquet",
      "Wind_Farm_A__26.parquet",
      "Wind_Farm_A__10.parquet",
      "Wind_Farm_A__68.parquet",
      "Wind_Farm_A__22.parquet",
      "Wind_Farm_A__84.parquet",
      "Wind_Farm_A__40.parquet",
      "Wind_Farm_A__14.parquet",
      "Wind_Farm_A__17.parquet",
      "Wind_Farm_A__71.parquet",
      "Wind_Farm_A__42.parquet",
      "Wind_Farm_A__72.parquet",
      "Wind_Farm_A__69.parquet",
      "Wind_Farm_A__13.parquet",
      "Wind_Farm_A__3.parquet",
      "Wind_Farm_A__92.parquet",
      "Wind_Farm_A__25.parquet"
    ],
    "test": [
      "Wind_Farm_A__73.parquet",
      "Wind_Farm_A__38.parquet",
      "Wind_Farm_A__24.parquet",
      "Wind_Farm_A__51.parquet"
    ]
  },
  "Wind_Farm_B": {
    "train": [
      "Wind_Farm_B__19.parquet",
      "Wind_Farm_B__2.parquet",
      "Wind_Farm_B__21.parquet",
      "Wind_Farm_B__23.parquet",
      "Wind_Farm_B__34.parquet",
      "Wind_Farm_B__52.parquet",
      "Wind_Farm_B__7.parquet",
      "Wind_Farm_B__74.parquet",
      "Wind_Farm_B__82.parquet",
      "Wind_Farm_B__86.parquet",
      "Wind_Farm_B__87.parquet"
    ],
    "test": [
      "Wind_Farm_B__27.parquet",
      "Wind_Farm_B__53.parquet",
      "Wind_Farm_B__77.parquet",
      "Wind_Farm_B__83.parquet"
    ]
  },
  "Wind_Farm_C": {
    "train": [
      "Wind_Farm_C__1.parquet",
      "Wind_Farm_C__11.parquet",
      "Wind_Farm_C__12.parquet",
      "Wind_Farm_C__15.parquet",
      "Wind_Farm_C__16.parquet",
      "Wind_Farm_C__18.parquet",
      "Wind_Farm_C__20.parquet",
      "Wind_Farm_C__28.parquet",
      "Wind_Farm_C__29.parquet",
      "Wind_Farm_C__30.parquet",
      "Wind_Farm_C__31.parquet",
      "Wind_Farm_C__32.parquet",
      "Wind_Farm_C__33.parquet",
      "Wind_Farm_C__35.parquet",
      "Wind_Farm_C__36.parquet",
      "Wind_Farm_C__37.parquet",
      "Wind_Farm_C__39.parquet",
      "Wind_Farm_C__4.parquet",
      "Wind_Farm_C__41.parquet",
      "Wind_Farm_C__43.parquet",
      "Wind_Farm_C__46.parquet",
      "Wind_Farm_C__47.parquet",
      "Wind_Farm_C__48.parquet",
      "Wind_Farm_C__49.parquet",
      "Wind_Farm_C__5.parquet",
      "Wind_Farm_C__50.parquet",
      "Wind_Farm_C__54.parquet",
      "Wind_Farm_C__55.parquet",
      "Wind_Farm_C__56.parquet",
      "Wind_Farm_C__57.parquet",
      "Wind_Farm_C__58.parquet",
      "Wind_Farm_C__59.parquet",
      "Wind_Farm_C__6.parquet",
      "Wind_Farm_C__60.parquet",
      "Wind_Farm_C__61.parquet",
      "Wind_Farm_C__62.parquet",
      "Wind_Farm_C__63.parquet",
      "Wind_Farm_C__64.parquet",
      "Wind_Farm_C__65.parquet",
      "Wind_Farm_C__66.parquet",
      "Wind_Farm_C__70.parquet",
      "Wind_Farm_C__75.parquet",
      "Wind_Farm_C__76.parquet",
      "Wind_Farm_C__78.parquet",
      "Wind_Farm_C__79.parquet",
      "Wind_Farm_C__8.parquet",
      "Wind_Farm_C__80.parquet",
      "Wind_Farm_C__81.parquet",
      "Wind_Farm_C__85.parquet",
      "Wind_Farm_C__88.parquet",
      "Wind_Farm_C__89.parquet",
      "Wind_Farm_C__9.parquet",
      "Wind_Farm_C__90.parquet",
      "Wind_Farm_C__91.parquet",
      "Wind_Farm_C__93.parquet",
      "Wind_Farm_C__94.parquet"
    ],
    "test": [
      "Wind_Farm_C__44.parquet",
      "Wind_Farm_C__67.parquet"
    ]
  }
}