{
  "Wind_Farm_A": {
    "threshold": 0.5817509465802344,
    "false_alarms_per_day_target": 1,
    "points_per_day_assumed": 144,
    "quantile": 0.9930555555555556,
    "n_scores": 861139
  },
  "Wind_Farm_B": {
    "threshold": 0.5562062405227638,
    "false_alarms_per_day_target": 1,
    "points_per_day_assumed": 144,
    "quantile": 0.9930555555555556,
    "n_scores": 545794
  },
  "Wind_Farm_C": {
    "threshold": 0.554237663116925,
    "false_alarms_per_day_target": 1,
    "points_per_day_assumed": 144,
    "quantile": 0.9930555555555556,
    "n_scores": 2729167
  }
}